Medicine_ID,Counterfeit_Sales
HLZ81,1960.734353488372
ECE94,4030.213145819394
SAD14,1575.408237311387
EQV63,273.1090476190476
AIR10,358.1114039735099
LIC37,559.1982134831461
EXZ14,4006.9521062500003
UCB79,4030.213145819394
IDJ12,5733.110089108909
KLQ71,1575.408237311387
NZS82,2812.594932692308
TZV99,4030.213145819394
FWK70,2621.8647128289454
LKL13,2621.8647128289454
UFQ12,5733.110089108909
JPE14,3137.623477272728
SGZ11,2812.594932692308
JSD91,2621.8647128289454
KSO48,3137.623477272728
LNA17,763.7447673469387
XQB11,2090.5961162995627
ZKO55,1575.408237311387
DZC65,1040.1264999999994
CYS10,3137.623477272728
IOW64,2621.8647128289454
JJQ10,3137.623477272728
ZVR52,2090.5961162995627
DRH86,1040.1264999999994
HWM68,2812.594932692308
OHY21,2621.8647128289454
EVB28,1040.1264999999994
WGT10,2090.5961162995627
TXX50,3137.623477272728
XHQ12,763.7447673469387
BUQ68,2621.8647128289454
GPT11,2090.5961162995627
DBA13,1040.1264999999994
VLR10,1960.734353488372
TXX50,2621.8647128289454
PPB10,3419.1188930693074
IAS38,3137.623477272728
FLZ93,2621.8647128289454
DEE35,2621.8647128289454
DFS52,3137.623477272728
JCW15,653.8132689655171
CGG23,1138.757675409836
OJV12,2090.5961162995627
MCQ36,3419.1188930693074
YJD12,3137.623477272728
EOK39,273.1090476190476
IYM95,3137.623477272728
JBY12,3137.623477272728
EVE11,3273.6086673684204
IAS38,3137.623477272728
LKG52,3273.6086673684204
LCH20,763.7447673469387
DQX15,235.85341600000004
CPF13,3137.623477272728
MXD18,4030.213145819394
UJL53,4030.213145819394
NQG12,4006.9521062500003
RTM43,1040.1264999999994
VOR91,1040.1264999999994
BKR48,2090.5961162995627
TYB54,4655.65962535211
JDT14,3137.623477272728
YST51,1040.1264999999994
YRD11,402.8176184615386
IKQ41,3137.623477272728
KKJ43,1575.408237311387
BFA10,4030.213145819394
JIV77,402.8176184615386
OIT11,3137.623477272728
EVB28,1040.1264999999994
IZD14,763.7447673469387
DVR14,2090.5961162995627
HAY13,3137.623477272728
KEB73,1575.408237311387
UHF16,3137.623477272728
KOE13,2621.8647128289454
OCC17,2090.5961162995627
XSM88,2621.8647128289454
XKD99,3137.623477272728
DZO55,2090.5961162995627
EPQ18,1040.1264999999994
WGC12,4655.65962535211
GTU11,4030.213145819394
DPL20,763.7447673469387
LCT65,763.7447673469387
KKK25,1575.408237311387
OYJ39,2090.5961162995627
PRC68,1575.408237311387
BKA11,4030.213145819394
MCS10,4006.9521062500003
OMK35,2812.594932692308
INQ59,278.7842
WAF13,4030.213145819394
QEG30,2090.5961162995627
HNB36,2090.5961162995627
JFM47,3137.623477272728
DHX14,2090.5961162995627
TIG24,1575.408237311387
WXI33,1040.1264999999994
QBL45,2621.8647128289454
DPT13,1575.408237311387
YHP10,2621.8647128289454
IHZ66,3137.623477272728
LSZ55,1040.1264999999994
SLH10,1040.1264999999994
DIX98,2090.5961162995627
XEX60,2812.594932692308
SFC11,278.7842
QGV13,4030.213145819394
YJY59,4030.213145819394
LHQ13,1040.1264999999994
FWW89,1575.408237311387
AAS12,2621.8647128289454
YHP10,2621.8647128289454
JZL95,4030.213145819394
DBJ11,4030.213145819394
BNO11,4030.213145819394
MBQ12,4030.213145819394
NQE11,4030.213145819394
BJQ15,763.7447673469387
JZK98,3137.623477272728
MSY10,6953.865413793104
DDK20,2621.8647128289454
QAU14,1575.408237311387
YMG27,181.35546666666667
PJB12,2090.5961162995627
MKO99,1575.408237311387
SYW15,559.1982134831461
TTJ13,1575.408237311387
KIT10,402.8176184615386
PYY23,4030.213145819394
QQR55,3137.623477272728
QBT13,1575.408237311387
KBR18,1575.408237311387
IAP53,2621.8647128289454
HPW53,4030.213145819394
UCX61,1138.757675409836
IWE13,3137.623477272728
OJE14,3137.623477272728
SFI23,2090.5961162995627
MRG11,2621.8647128289454
GLQ11,1575.408237311387
JXC75,3137.623477272728
FTY40,3137.623477272728
GUM11,763.7447673469387
LZQ97,5733.110089108909
NGH10,2090.5961162995627
MKR14,3419.1188930693074
MWN81,3273.6086673684204
QKY68,1040.1264999999994
JEF58,1575.408237311387
IJC44,4030.213145819394
ZJB56,2090.5961162995627
OIY11,2090.5961162995627
DXX87,671.8558750000001
VPX10,3137.623477272728
LHK43,2090.5961162995627
UQE10,4030.213145819394
MAJ12,2090.5961162995627
GWU14,4030.213145819394
DCB19,4030.213145819394
FVD11,763.7447673469387
CPZ57,763.7447673469387
HWM68,1575.408237311387
TGT13,2621.8647128289454
OTB75,402.8176184615386
VIQ13,3273.6086673684204
XXE14,2090.5961162995627
RNV12,763.7447673469387
DST32,2812.594932692308
CWT37,3419.1188930693074
NCG56,3137.623477272728
QJZ43,1575.408237311387
RHR86,1575.408237311387
QRC11,2090.5961162995627
ATT10,525.546325
YYJ78,763.7447673469387
CQU27,358.1114039735099
ATT10,402.8176184615386
YTK96,2812.594932692308
UNI81,1575.408237311387
IIG27,1040.1264999999994
MCS10,2621.8647128289454
BTP27,1575.408237311387
OLY11,2090.5961162995627
TVT11,2090.5961162995627
QFD24,4030.213145819394
UYQ40,763.7447673469387
KBP10,402.8176184615386
AKD11,4030.213145819394
IUN21,4006.9521062500003
PDQ67,763.7447673469387
RDQ13,1575.408237311387
VLR87,3137.623477272728
HZC96,4030.213145819394
QXV86,2621.8647128289454
TGT13,2621.8647128289454
XJA26,2812.594932692308
EWT46,4030.213145819394
QRC11,2090.5961162995627
RDJ83,1040.1264999999994
URG12,457.6817652173913
BTP27,1575.408237311387
ORN12,4006.9521062500003
RFR49,4030.213145819394
ZEE32,4030.213145819394
OKA72,358.1114039735099
FSJ13,2621.8647128289454
IYX45,763.7447673469387
DSY84,2090.5961162995627
CSM50,2090.5961162995627
WOX94,3137.623477272728
UYH58,2621.8647128289454
OLD10,4655.65962535211
IAP71,3137.623477272728
ATT10,2621.8647128289454
JHP96,181.35546666666667
RUT58,1575.408237311387
UTN77,1575.408237311387
CTM81,402.8176184615386
YAA14,1575.408237311387
JJZ12,2090.5961162995627
BKA11,4030.213145819394
LWT80,2090.5961162995627
GKI48,1575.408237311387
UAV72,1575.408237311387
OIF72,2621.8647128289454
JYY11,6953.865413793104
LLH93,4030.213145819394
AZB11,4030.213145819394
JEM14,2621.8647128289454
AHD74,3137.623477272728
UYA56,5733.110089108909
XRJ35,763.7447673469387
RAH15,3137.623477272728
TRZ29,4006.9521062500003
HMI21,1575.408237311387
NEH32,1040.1264999999994
XEI37,4030.213145819394
BEY15,2621.8647128289454
JJD44,1575.408237311387
NUW49,2621.8647128289454
IKU77,1040.1264999999994
WDW84,2621.8647128289454
XBN75,4030.213145819394
BTP27,1575.408237311387
KSO48,3137.623477272728
SAC31,3137.623477272728
KTH72,559.1982134831461
VZK61,3419.1188930693074
QAU14,1575.408237311387
XVT88,4030.213145819394
KRS13,4030.213145819394
FDZ11,3273.6086673684204
DHT27,4030.213145819394
GRD25,2621.8647128289454
UQJ12,1575.408237311387
GAC11,2621.8647128289454
TKA46,570.8484666666667
YST51,1040.1264999999994
CCH19,2621.8647128289454
FTY40,3137.623477272728
KVN10,4030.213145819394
LWT80,2090.5961162995627
ONO10,4655.65962535211
STR65,3273.6086673684204
VFE97,4030.213145819394
HWE10,763.7447673469387
PRC68,1575.408237311387
RVX39,1040.1264999999994
VMN22,3137.623477272728
XBY11,570.8484666666667
ZRF15,2621.8647128289454
EOX12,2090.5961162995627
JNT60,3137.623477272728
UIR34,2812.594932692308
ACC80,4655.65962535211
IVE63,358.1114039735099
JES16,1040.1264999999994
QEF34,4030.213145819394
NZA81,1040.1264999999994
KTS65,3137.623477272728
ORX66,3137.623477272728
DKW49,2621.8647128289454
DVR14,2090.5961162995627
KAY10,4030.213145819394
ENH17,559.1982134831461
XHQ90,763.7447673469387
WVJ47,2621.8647128289454
UAS12,181.35546666666667
TPH13,2621.8647128289454
OUB13,278.7842
QQF11,1575.408237311387
NMJ18,1575.408237311387
JWP65,559.1982134831461
UYQ40,763.7447673469387
OJV12,2090.5961162995627
GWU14,4030.213145819394
RLY93,763.7447673469387
IFX14,1575.408237311387
ANV76,2090.5961162995627
AHC49,3137.623477272728
QXV86,2621.8647128289454
TNC52,3137.623477272728
AEF11,763.7447673469387
DMF12,2812.594932692308
PIV47,2090.5961162995627
FKP38,3137.623477272728
JSI16,5733.110089108909
GEL15,4030.213145819394
SAD14,1575.408237311387
APX64,358.1114039735099
HFF15,1575.408237311387
OJL17,2090.5961162995627
RMM57,3419.1188930693074
JJZ12,3273.6086673684204
CYP90,2621.8647128289454
HOA15,3137.623477272728
TWM83,2090.5961162995627
XFX12,1575.408237311387
UIR34,1575.408237311387
NXT21,3137.623477272728
YOC67,3137.623477272728
CTT10,1575.408237311387
XTA25,4030.213145819394
CNH11,2621.8647128289454
OIR82,4030.213145819394
KGC13,3419.1188930693074
LKT15,3137.623477272728
YFD14,4030.213145819394
LGE15,2621.8647128289454
UTN77,1575.408237311387
ZPQ72,1960.734353488372
KSA50,2090.5961162995627
WIW15,273.1090476190476
WDS14,763.7447673469387
CUY60,4006.9521062500003
ACW12,4030.213145819394
HER33,2090.5961162995627
GMM11,4030.213145819394
XXE14,3273.6086673684204
OJX13,3273.6086673684204
GUA99,1575.408237311387
HRH29,2090.5961162995627
WFU12,1040.1264999999994
JZM41,2621.8647128289454
QMP15,1575.408237311387
AHD74,671.8558750000001
KSE64,3137.623477272728
YEC92,358.1114039735099
SZO25,4655.65962535211
LKT15,3137.623477272728
SAS13,3137.623477272728
DUZ10,763.7447673469387
DZI47,3137.623477272728
MEF33,3137.623477272728
DQX15,1960.734353488372
KTH72,3137.623477272728
HPD36,402.8176184615386
NPE65,2621.8647128289454
MRG11,2621.8647128289454
PQM96,1960.734353488372
UYP13,358.1114039735099
INU15,1575.408237311387
ZGG52,3273.6086673684204
TQD35,653.8132689655171
YOC67,3137.623477272728
OUB13,1575.408237311387
MII51,1575.408237311387
VIC29,1040.1264999999994
RDC11,4655.65962535211
EZE26,2621.8647128289454
ZXO53,5733.110089108909
VVO38,273.1090476190476
DKR87,1575.408237311387
JKR96,1575.408237311387
SDZ43,1138.757675409836
GGP12,763.7447673469387
FWU13,784.0986583333332
UFA10,2621.8647128289454
ZPF14,2090.5961162995627
YCY11,1575.408237311387
WVE39,3137.623477272728
EFJ10,4030.213145819394
HLZ81,1575.408237311387
UXH58,3137.623477272728
LHC12,763.7447673469387
PAL64,4655.65962535211
PIN15,5733.110089108909
QAU14,358.1114039735099
ZQW57,763.7447673469387
ELK66,4006.9521062500003
ARR74,570.8484666666667
LJD10,763.7447673469387
IGQ78,1575.408237311387
LKG52,2090.5961162995627
KGF12,3137.623477272728
RWW49,1575.408237311387
TZF64,2090.5961162995627
YST51,1040.1264999999994
VOE12,653.8132689655171
SPK13,3273.6086673684204
HWE10,1138.757675409836
HDN12,273.1090476190476
MTV83,1575.408237311387
WET13,1575.408237311387
LGX26,1575.408237311387
XIL11,3137.623477272728
OHY21,2621.8647128289454
BYA70,1575.408237311387
UMO34,4030.213145819394
IMW22,3419.1188930693074
CKE54,763.7447673469387
HHT59,1138.757675409836
DUZ10,763.7447673469387
KYV41,653.8132689655171
WUK60,4030.213145819394
ZYP12,763.7447673469387
JSD91,2621.8647128289454
HPG22,4030.213145819394
DIX98,358.1114039735099
MDI34,763.7447673469387
RDC11,3137.623477272728
JYY11,3137.623477272728
OKA72,2090.5961162995627
KIS14,1575.408237311387
ZJG11,3137.623477272728
NPE65,2621.8647128289454
PRU76,358.1114039735099
TIQ73,2621.8647128289454
ZSC82,671.8558750000001
ZRC14,3137.623477272728
QAE90,1040.1264999999994
YTL30,5733.110089108909
KJO95,1575.408237311387
RIM99,1040.1264999999994
MGD92,4030.213145819394
TKM11,653.8132689655171
NXW60,1040.1264999999994
BCL11,4030.213145819394
FKW44,559.1982134831461
WVF37,2090.5961162995627
OAO12,457.6817652173913
UCB79,5733.110089108909
NWQ13,2812.594932692308
FCY92,2621.8647128289454
TMZ19,3419.1188930693074
LZQ97,3137.623477272728
QKO94,1040.1264999999994
SKG14,3137.623477272728
GTU11,784.0986583333332
CEI27,235.85341600000004
MUE19,4030.213145819394
TQD35,4030.213145819394
ADT76,3137.623477272728
WPJ11,3137.623477272728
GKK14,2090.5961162995627
COQ16,1575.408237311387
JTJ14,2090.5961162995627
CFL52,4006.9521062500003
QUH78,2621.8647128289454
CQK14,1575.408237311387
URV12,402.8176184615386
CTT10,2812.594932692308
EKB79,3137.623477272728
TRX84,4030.213145819394
EGU28,3137.623477272728
KAF29,402.8176184615386
YQV21,4030.213145819394
SZO25,671.8558750000001
DUZ10,763.7447673469387
HLD43,2090.5961162995627
CYJ45,2621.8647128289454
BQB14,2090.5961162995627
NAI10,4030.213145819394
HPG22,4030.213145819394
NCI72,3419.1188930693074
DDK20,2621.8647128289454
YGZ30,1575.408237311387
ORW88,4030.213145819394
ALQ91,1138.757675409836
MRG12,5733.110089108909
WWF98,2090.5961162995627
VDZ97,3137.623477272728
VMN22,3137.623477272728
PAN11,2090.5961162995627
MAJ12,3273.6086673684204
ACC80,3137.623477272728
GNX16,1575.408237311387
XPC22,1040.1264999999994
ZQS14,4030.213145819394
LTH47,1575.408237311387
XSM88,402.8176184615386
HLH13,2621.8647128289454
XBT14,358.1114039735099
BGH11,2812.594932692308
FAC22,1040.1264999999994
YQO80,2621.8647128289454
IUN21,2621.8647128289454
QWO29,4030.213145819394
GNK67,4030.213145819394
NCN85,358.1114039735099
ZPQ72,1040.1264999999994
KSE64,3137.623477272728
MIH17,4655.65962535211
QKY68,1040.1264999999994
FSJ13,2621.8647128289454
VNP14,653.8132689655171
KYJ80,4655.65962535211
ENI41,2090.5961162995627
JPO54,4030.213145819394
NUU36,763.7447673469387
WBL95,181.35546666666667
EWF75,3137.623477272728
SPK13,2090.5961162995627
XBT14,1575.408237311387
OKF75,5733.110089108909
FKP38,3137.623477272728
ASL20,4030.213145819394
WJO14,278.7842
LOS50,3137.623477272728
MIH17,3137.623477272728
RVU10,2621.8647128289454
JGK92,5733.110089108909
YEC92,2090.5961162995627
KJO95,1575.408237311387
VIC83,2621.8647128289454
XBY11,2621.8647128289454
JET13,559.1982134831461
JLD12,1575.408237311387
TNK24,2812.594932692308
PRU76,2090.5961162995627
ZAC12,4655.65962535211
DJA22,3273.6086673684204
VPX10,3137.623477272728
FPC14,1575.408237311387
AEF11,181.35546666666667
YBZ14,3273.6086673684204
MRG11,2621.8647128289454
ZEE32,4030.213145819394
PYU86,2090.5961162995627
FDI10,358.1114039735099
LAP14,3137.623477272728
RHG44,763.7447673469387
QKY68,278.7842
SFZ66,4030.213145819394
GWU14,3419.1188930693074
IOW64,2090.5961162995627
NLT14,3273.6086673684204
DSP10,3137.623477272728
EWF75,3137.623477272728
OGE14,358.1114039735099
IOW64,2621.8647128289454
ZRC14,3137.623477272728
NNX49,4030.213145819394
TKM11,653.8132689655171
NJD55,2621.8647128289454
PPX45,763.7447673469387
BNU14,358.1114039735099
OHK62,1575.408237311387
CEY52,202.04351304347824
ZNR36,273.1090476190476
NKH42,3137.623477272728
HMD10,1575.408237311387
KNX65,1575.408237311387
OGE14,2090.5961162995627
KAE47,2090.5961162995627
QTR25,1575.408237311387
QYN11,1575.408237311387
ADO13,784.0986583333332
WOT11,2621.8647128289454
HPG22,4030.213145819394
ZWS21,2621.8647128289454
QEG60,4006.9521062500003
LVI11,181.35546666666667
QTC50,763.7447673469387
OJX13,2090.5961162995627
JVY11,2621.8647128289454
VMN13,763.7447673469387
XGE53,2621.8647128289454
UFA10,2621.8647128289454
OPM10,3137.623477272728
PNK10,391.42019130434784
GDV12,1040.1264999999994
BGH11,1575.408237311387
UBT47,1575.408237311387
HRW59,1040.1264999999994
JWP65,3137.623477272728
QBS73,653.8132689655171
NTB26,763.7447673469387
YSQ17,3419.1188930693074
WGC12,3137.623477272728
GLJ63,1575.408237311387
RXK11,1575.408237311387
DWE31,4030.213145819394
OGW98,3137.623477272728
BGU29,4030.213145819394
LLI13,1575.408237311387
UNO45,1575.408237311387
JNE88,4030.213145819394
BDC33,1575.408237311387
SHY10,4030.213145819394
YPI13,4030.213145819394
YLQ15,1575.408237311387
FWX31,4006.9521062500003
VFE97,4030.213145819394
RWJ12,1575.408237311387
NKD77,4006.9521062500003
DGB94,763.7447673469387
YRD11,2621.8647128289454
KJO51,653.8132689655171
HCI51,202.04351304347824
FTY40,3137.623477272728
QJZ43,1575.408237311387
BJE52,2621.8647128289454
SXA15,1575.408237311387
RQL15,1575.408237311387
OUO54,2812.594932692308
PXU66,235.85341600000004
UJM11,4030.213145819394
DMG17,402.8176184615386
SGZ11,358.1114039735099
WEP87,3273.6086673684204
SKA90,1575.408237311387
CYS10,3137.623477272728
NDQ15,2090.5961162995627
GZY97,2621.8647128289454
CKJ42,3137.623477272728
IPC15,3137.623477272728
ENI41,2090.5961162995627
FCQ55,1575.408237311387
BXE31,1040.1264999999994
NMP43,4030.213145819394
MEF33,559.1982134831461
IWK67,2621.8647128289454
PRU10,3137.623477272728
FKP38,3137.623477272728
EQV54,1575.408237311387
AHF89,1575.408237311387
PHH13,3273.6086673684204
GRM60,278.7842
PAL64,3137.623477272728
NDP41,1040.1264999999994
AHD74,3137.623477272728
SBH11,2621.8647128289454
JTW13,1575.408237311387
UQE10,4030.213145819394
AXH89,4006.9521062500003
CQU27,1575.408237311387
PIN15,3137.623477272728
ZKQ11,3137.623477272728
PPB10,4030.213145819394
UJM11,3419.1188930693074
TKM11,4030.213145819394
WJU16,763.7447673469387
YBZ14,2090.5961162995627
PRU10,559.1982134831461
WUJ11,3137.623477272728
ORS21,3137.623477272728
OYJ39,2090.5961162995627
HRW59,1960.734353488372
VKG12,2621.8647128289454
MJH13,3137.623477272728
RXO14,763.7447673469387
SVQ36,3137.623477272728
SRC13,653.8132689655171
PJB12,2090.5961162995627
XPC22,1040.1264999999994
JVG23,3137.623477272728
GUM11,763.7447673469387
UYA56,3137.623477272728
TKA46,2621.8647128289454
VIC29,1575.408237311387
ESB61,2090.5961162995627
DRH86,235.85341600000004
VSL11,653.8132689655171
DXX87,3137.623477272728
LCH20,202.04351304347824
EJZ14,2621.8647128289454
GMU28,1575.408237311387
AEF11,763.7447673469387
KFJ98,2090.5961162995627
JYM14,4030.213145819394
CGH10,763.7447673469387
XHQ12,763.7447673469387
RLS13,4006.9521062500003
ZQK44,4655.65962535211
VJX78,2090.5961162995627
RCF13,4030.213145819394
RXK11,1575.408237311387
TXX50,2621.8647128289454
OPR10,4030.213145819394
OCU12,3137.623477272728
SIY12,358.1114039735099
HKA14,1575.408237311387
OOL46,1040.1264999999994
OJT30,1040.1264999999994
TZF64,2090.5961162995627
JUP10,2090.5961162995627
GMC11,3137.623477272728
YMU12,1575.408237311387
XRU43,5733.110089108909
OJS40,2090.5961162995627
VGE44,763.7447673469387
JJD44,2812.594932692308
RCV45,3137.623477272728
XRH13,1575.408237311387
CGQ37,559.1982134831461
YKM69,2621.8647128289454
CQK14,1040.1264999999994
HLH13,2621.8647128289454
FHS14,3137.623477272728
JTU15,2090.5961162995627
QKH44,763.7447673469387
YEY91,2621.8647128289454
WRY47,1575.408237311387
ZEO73,671.8558750000001
JES16,1040.1264999999994
JWP65,3137.623477272728
IKW10,5733.110089108909
OPP86,2621.8647128289454
AEN20,2090.5961162995627
LOK28,2090.5961162995627
APX64,358.1114039735099
IHO60,4030.213145819394
CNH11,2621.8647128289454
SLY12,2621.8647128289454
CKJ42,3137.623477272728
JZM41,4006.9521062500003
AUN96,4030.213145819394
GDV12,1040.1264999999994
WLW19,1575.408237311387
ORW88,4030.213145819394
KTI10,3137.623477272728
KGC13,653.8132689655171
IXX58,2621.8647128289454
DVT10,1040.1264999999994
RLY93,763.7447673469387
DCV26,2090.5961162995627
NWQ13,1575.408237311387
WXN13,2621.8647128289454
AHZ10,2621.8647128289454
JFM47,5733.110089108909
FKP21,358.1114039735099
UAV72,1575.408237311387
WJW10,2621.8647128289454
LHK43,2090.5961162995627
NQE11,3419.1188930693074
ZAC12,3137.623477272728
LOS50,3137.623477272728
SWZ52,1040.1264999999994
VKW64,3137.623477272728
DLH42,3137.623477272728
FHS14,3137.623477272728
NEH32,1040.1264999999994
ZEP43,1575.408237311387
SIJ28,2621.8647128289454
TWW48,1575.408237311387
CTO12,1040.1264999999994
WET13,1575.408237311387
HLD43,2090.5961162995627
OIF72,4006.9521062500003
XRI86,2621.8647128289454
WBN96,3137.623477272728
LSU81,3137.623477272728
YEY31,3137.623477272728
VPO73,2090.5961162995627
SMU22,559.1982134831461
KAF29,2621.8647128289454
IFX12,1575.408237311387
CTT10,1575.408237311387
MCJ75,1138.757675409836
UYH71,2621.8647128289454
FOG11,3273.6086673684204
UCB79,4030.213145819394
CPZ57,763.7447673469387
FTF15,2812.594932692308
KBE13,1575.408237311387
QHL12,3137.623477272728
QGQ10,1575.408237311387
DFL12,2090.5961162995627
FTY40,4655.65962535211
HTQ14,3137.623477272728
BSV80,2090.5961162995627
DCV26,2090.5961162995627
JMH12,3137.623477272728
EZH74,4030.213145819394
HWE10,763.7447673469387
UYQ40,763.7447673469387
IBY35,4030.213145819394
JTW13,1575.408237311387
SIQ14,1575.408237311387
WZF50,3137.623477272728
DZI47,3137.623477272728
OGP11,4030.213145819394
LOK28,2090.5961162995627
OEQ12,763.7447673469387
BON13,4006.9521062500003
RHS94,2621.8647128289454
TTV54,3137.623477272728
OIT11,559.1982134831461
NSF70,2090.5961162995627
OYN80,5733.110089108909
RMF83,3137.623477272728
ZFU57,3137.623477272728
JBP32,1575.408237311387
ORW88,653.8132689655171
SKK32,3137.623477272728
FQP55,1575.408237311387
ZWG14,3137.623477272728
QRC79,2090.5961162995627
OXK54,1575.408237311387
MJX11,763.7447673469387
AHD74,3137.623477272728
BTP27,1575.408237311387
WHA79,1575.408237311387
VPJ12,2621.8647128289454
MII51,1575.408237311387
LOK28,2090.5961162995627
PZT93,1138.757675409836
ZKO55,1575.408237311387
FKP21,1575.408237311387
PNK10,2090.5961162995627
WVE39,559.1982134831461
QJS12,2621.8647128289454
MXK51,2090.5961162995627
YKM69,2621.8647128289454
OIF72,2621.8647128289454
CTA35,3137.623477272728
RAH15,3137.623477272728
EVB28,1040.1264999999994
KXU14,3273.6086673684204
BNB10,457.6817652173913
TVF57,1575.408237311387
PYY23,4030.213145819394
TBK97,1575.408237311387
DKY10,4030.213145819394
SWG81,1575.408237311387
LDO15,3137.623477272728
HSB92,3273.6086673684204
TKA46,2621.8647128289454
RZV10,278.7842
FUN14,653.8132689655171
NAI10,3137.623477272728
BTP27,2812.594932692308
ZQK44,3137.623477272728
ADE15,4030.213145819394
IKW10,4030.213145819394
FAB15,2621.8647128289454
PJG77,2621.8647128289454
JES16,1040.1264999999994
KFB59,1575.408237311387
KDE69,2090.5961162995627
OPR10,4030.213145819394
PXM14,1575.408237311387
OYC25,4006.9521062500003
BFK13,278.7842
TZF64,2090.5961162995627
IMO12,1040.1264999999994
SFQ33,1040.1264999999994
SVE76,2090.5961162995627
HJZ96,2621.8647128289454
RNM14,2621.8647128289454
FOG11,1575.408237311387
WPJ11,3137.623477272728
SGZ11,1575.408237311387
ZGG52,2090.5961162995627
UIR34,1575.408237311387
VNP14,4030.213145819394
CPZ57,763.7447673469387
HOK90,3273.6086673684204
ZVH10,3273.6086673684204
JTL20,1040.1264999999994
OOI14,3273.6086673684204
EHR84,1575.408237311387
YEY31,559.1982134831461
GLQ11,1575.408237311387
SSW11,2621.8647128289454
SSW11,570.8484666666667
HWE10,763.7447673469387
FMO17,1575.408237311387
TBI27,4030.213145819394
XIL11,3137.623477272728
ZIV91,2090.5961162995627
QXX90,3137.623477272728
PRC68,1575.408237311387
EEG76,1960.734353488372
QMP15,1575.408237311387
UXH58,5733.110089108909
LCT65,763.7447673469387
HWG64,402.8176184615386
XIL11,3137.623477272728
JZK98,3137.623477272728
WUV14,4030.213145819394
QIN25,2621.8647128289454
INK89,2090.5961162995627
LNK13,1575.408237311387
AJM90,4030.213145819394
GCV94,1575.408237311387
RGL63,4030.213145819394
OVU58,235.85341600000004
OJT30,1040.1264999999994
NJD55,2621.8647128289454
QGQ10,1575.408237311387
QAU14,1575.408237311387
JVE40,2090.5961162995627
CUP12,3137.623477272728
EHR84,1575.408237311387
IAR88,3137.623477272728
IGQ78,358.1114039735099
NGH10,3273.6086673684204
OOY30,1575.408237311387
OCU12,3137.623477272728
NQW13,763.7447673469387
NUY94,763.7447673469387
VSL11,4030.213145819394
LRF62,2090.5961162995627
PTX15,3137.623477272728
RSY89,1040.1264999999994
AQW42,4030.213145819394
NQG12,2621.8647128289454
DQX15,1040.1264999999994
HMI21,2812.594932692308
OPM10,3137.623477272728
EVN95,5733.110089108909
LLH65,4655.65962535211
COQ16,1575.408237311387
QBV12,4006.9521062500003
JXN83,653.8132689655171
LWD10,2621.8647128289454
AUO69,3137.623477272728
FCY92,2621.8647128289454
DBA13,1040.1264999999994
BYA70,2090.5961162995627
OUB13,1575.408237311387
IAP53,402.8176184615386
SPK13,2090.5961162995627
VHM53,1575.408237311387
RXM37,763.7447673469387
GCR10,4030.213145819394
XRY13,2090.5961162995627
VJX78,2621.8647128289454
KXA92,5733.110089108909
RLS13,2621.8647128289454
URV12,570.8484666666667
IHZ66,3137.623477272728
RGM13,1575.408237311387
WVX10,3137.623477272728
FCG79,2090.5961162995627
GZY97,4006.9521062500003
YZE70,2621.8647128289454
IHZ66,3137.623477272728
ITH16,2090.5961162995627
RCT12,2621.8647128289454
IMO12,1040.1264999999994
NSE67,1575.408237311387
CJZ63,2090.5961162995627
RZH55,1040.1264999999994
YYE10,2090.5961162995627
IYX45,1138.757675409836
YSI78,3137.623477272728
KYV41,3419.1188930693074
JPO54,5733.110089108909
CNC77,4030.213145819394
TFO71,1040.1264999999994
TKM11,4030.213145819394
VUG26,3137.623477272728
PJM18,2090.5961162995627
GSG12,2090.5961162995627
OLY11,2090.5961162995627
UMO34,784.0986583333332
UJC79,278.7842
YPI15,2090.5961162995627
JSI16,653.8132689655171
QMP15,1575.408237311387
QXD11,2090.5961162995627
PPB10,4030.213145819394
AHZ10,2621.8647128289454
UXH58,3137.623477272728
HHJ28,2621.8647128289454
RLS13,2621.8647128289454
LIE73,763.7447673469387
WYF11,4655.65962535211
CGG23,763.7447673469387
RCK21,763.7447673469387
ZEP43,358.1114039735099
GSN53,2090.5961162995627
MNO10,763.7447673469387
MVU13,278.7842
FCJ12,4006.9521062500003
YKM69,2621.8647128289454
LTH47,1575.408237311387
WEA21,653.8132689655171
PTZ82,1040.1264999999994
JKR96,358.1114039735099
IBE74,763.7447673469387
EIJ11,4030.213145819394
TVF57,1575.408237311387
JEF58,1575.408237311387
SVE76,2090.5961162995627
NCS40,763.7447673469387
GKK14,2090.5961162995627
FWK70,2621.8647128289454
LOK28,2090.5961162995627
YPI15,2090.5961162995627
TBT30,4030.213145819394
YTK96,1040.1264999999994
PHE51,3137.623477272728
PAN12,2621.8647128289454
FKP21,3273.6086673684204
KUR15,1575.408237311387
OKA72,2090.5961162995627
BAE93,2090.5961162995627
AWN68,278.7842
KXV82,4030.213145819394
JVR13,2621.8647128289454
RWW49,1575.408237311387
GPT28,763.7447673469387
KNX65,2812.594932692308
CJQ14,3137.623477272728
DLH42,5733.110089108909
OLD10,559.1982134831461
EEG76,1040.1264999999994
TKG19,2090.5961162995627
KAF29,2621.8647128289454
VZK61,4030.213145819394
THL13,2090.5961162995627
VFT71,2090.5961162995627
KTS65,3137.623477272728
UTN77,358.1114039735099
XXE14,2090.5961162995627
MSJ80,4006.9521062500003
DIX98,2090.5961162995627
YOC67,559.1982134831461
WVX10,3137.623477272728
ZLS67,358.1114039735099
RXK11,1575.408237311387
GLS37,763.7447673469387
YYN48,4030.213145819394
MZW14,3419.1188930693074
CNO62,2621.8647128289454
BDC33,1575.408237311387
UOI59,4006.9521062500003
JCP13,653.8132689655171
IKQ41,559.1982134831461
OVU58,1040.1264999999994
PYC12,1575.408237311387
COH93,1040.1264999999994
RDC11,559.1982134831461
OJS40,2090.5961162995627
ROJ11,2090.5961162995627
HAQ14,1040.1264999999994
QUR48,1575.408237311387
VKX48,2621.8647128289454
IPR12,4006.9521062500003
GMI62,4655.65962535211
QTJ15,4030.213145819394
ARR74,4006.9521062500003
QQK28,2621.8647128289454
CKE54,763.7447673469387
TNC52,559.1982134831461
RZV10,1575.408237311387
IYE11,273.1090476190476
XAG62,1575.408237311387
VPX10,559.1982134831461
MRS69,763.7447673469387
IRM25,559.1982134831461
KFT87,1575.408237311387
KFT87,1575.408237311387
IZT30,2621.8647128289454
UYQ40,763.7447673469387
FBW60,1575.408237311387
MKR14,653.8132689655171
OAO12,2621.8647128289454
AQW42,4030.213145819394
RCA58,3137.623477272728
TNC52,3137.623477272728
HLD43,2090.5961162995627
AJM90,3419.1188930693074
XHP14,763.7447673469387
APE89,3137.623477272728
HTO82,2621.8647128289454
RFR49,3419.1188930693074
QHL12,559.1982134831461
ADO13,5733.110089108909
WCQ91,3137.623477272728
PNU88,4030.213145819394
TTV54,3137.623477272728
EOF58,402.8176184615386
XVN59,763.7447673469387
FFG32,3419.1188930693074
ELY14,3273.6086673684204
BKR48,2090.5961162995627
JBP32,1575.408237311387
EVN95,4030.213145819394
KGF12,653.8132689655171
LOS50,3137.623477272728
RLS13,2621.8647128289454
QPF16,2621.8647128289454
ZOJ13,3137.623477272728
WGC12,3137.623477272728
GWC40,1575.408237311387
GZY85,3137.623477272728
DXJ52,2090.5961162995627
BGU29,3419.1188930693074
MYA10,3137.623477272728
EVB28,1960.734353488372
UQI78,2621.8647128289454
ZAM11,1575.408237311387
DBJ11,4030.213145819394
YOJ46,1575.408237311387
FSJ13,2621.8647128289454
RWD64,1575.408237311387
SRT14,3137.623477272728
UCM12,2090.5961162995627
HSZ90,4030.213145819394
HCI51,763.7447673469387
IAU19,1575.408237311387
ZQK44,559.1982134831461
TZF64,358.1114039735099
THU10,1040.1264999999994
QUY11,1575.408237311387
BAX62,763.7447673469387
KKJ43,1575.408237311387
RHR86,2812.594932692308
OOB26,763.7447673469387
MRS69,1138.757675409836
YUE24,653.8132689655171
RXG14,2090.5961162995627
IYX45,763.7447673469387
FIH14,2090.5961162995627
ATT10,4006.9521062500003
DCV26,2090.5961162995627
UAS12,763.7447673469387
YQV21,4030.213145819394
GSN53,2090.5961162995627
ZXN29,1575.408237311387
ENH17,3137.623477272728
SLY12,2621.8647128289454
KXG14,1138.757675409836
DIA66,763.7447673469387
OAY27,2090.5961162995627
DXX87,3137.623477272728
OKH95,2621.8647128289454
SYQ15,570.8484666666667
TOK11,1960.734353488372
MEF33,3137.623477272728
ZOJ13,4655.65962535211
ZTE88,1575.408237311387
IEW96,1040.1264999999994
BJE52,2621.8647128289454
OTC46,2812.594932692308
UBT47,358.1114039735099
OLD10,3137.623477272728
XDH81,3273.6086673684204
APX64,2090.5961162995627
FMT10,4030.213145819394
FTY40,671.8558750000001
HFF15,1040.1264999999994
DRY11,1575.408237311387
MKR14,6953.865413793104
RZH55,1040.1264999999994
OJT30,235.85341600000004
YAA14,1575.408237311387
WEX14,1040.1264999999994
KKK25,1575.408237311387
SWG81,358.1114039735099
TLK62,3137.623477272728
NSG12,2090.5961162995627
FRD35,2090.5961162995627
QDC31,559.1982134831461
GKI48,1575.408237311387
UTM98,4655.65962535211
TLK62,559.1982134831461
CJZ63,2090.5961162995627
XWX56,391.42019130434784
DLV10,653.8132689655171
SES94,3273.6086673684204
KVS72,1575.408237311387
XNT10,2090.5961162995627
URG12,2090.5961162995627
IPC15,3137.623477272728
LKT15,3137.623477272728
SZA88,3273.6086673684204
HIQ11,358.1114039735099
JYY11,3137.623477272728
GWH45,525.546325
KTS65,3137.623477272728
JTW13,1575.408237311387
LIC37,3137.623477272728
VMP31,273.1090476190476
WCQ91,3137.623477272728
NTE48,4030.213145819394
VYB31,2090.5961162995627
NCN85,2090.5961162995627
ASG22,4006.9521062500003
KXV82,4030.213145819394
VFH85,3137.623477272728
NFO12,4030.213145819394
UQE10,3419.1188930693074
SPZ10,1575.408237311387
TUT39,763.7447673469387
JDT14,3137.623477272728
NDP41,1040.1264999999994
HWG64,2621.8647128289454
ACW12,4030.213145819394
PJX11,2621.8647128289454
MVI14,457.6817652173913
TZV99,4030.213145819394
IIG27,1040.1264999999994
SFQ33,1040.1264999999994
HJY10,278.7842
YZE70,2621.8647128289454
NUY94,763.7447673469387
QFD24,6953.865413793104
INK89,2090.5961162995627
RWD64,1575.408237311387
OUT45,2090.5961162995627
USU11,3273.6086673684204
IEA75,2090.5961162995627
EBV12,653.8132689655171
IDG55,273.1090476190476
MDI34,181.35546666666667
PYC12,358.1114039735099
HZM67,763.7447673469387
PRU10,559.1982134831461
HIQ11,2090.5961162995627
KBR19,3137.623477272728
QKH44,763.7447673469387
KSA50,2090.5961162995627
OSH14,2090.5961162995627
DKR87,1575.408237311387
ZKH72,3137.623477272728
QHL12,3137.623477272728
OHK62,1575.408237311387
DZC65,278.7842
BCT83,1960.734353488372
YPS49,3273.6086673684204
ASG22,2621.8647128289454
QEF34,4030.213145819394
UOA58,763.7447673469387
EXZ14,2621.8647128289454
ALR41,1575.408237311387
LLH93,5733.110089108909
MIP41,4655.65962535211
YZF96,2621.8647128289454
WAQ97,1040.1264999999994
EOX12,2090.5961162995627
YNH71,4030.213145819394
RRA15,2621.8647128289454
KGC13,4030.213145819394
GRU16,2812.594932692308
KKK25,1575.408237311387
PYE12,4006.9521062500003
WWF98,2090.5961162995627
ZMR15,1040.1264999999994
OOB26,181.35546666666667
VKW64,3137.623477272728
AWN68,1960.734353488372
RMF83,4655.65962535211
LHC12,763.7447673469387
VQW12,1575.408237311387
ANV76,2090.5961162995627
CZV11,2090.5961162995627
ELK66,2621.8647128289454
XRI86,2090.5961162995627
DIR24,559.1982134831461
FKP21,1575.408237311387
JNE88,4030.213145819394
YFI46,763.7447673469387
GVZ23,763.7447673469387
MPG14,4030.213145819394
BFA10,4030.213145819394
KKC12,5733.110089108909
GTU11,4030.213145819394
XRY13,2090.5961162995627
ESB61,2090.5961162995627
TNK24,1575.408237311387
GRD25,2621.8647128289454
WAQ97,1040.1264999999994
RCT12,2621.8647128289454
LGB10,3137.623477272728
DOD12,763.7447673469387
XVT88,4030.213145819394
ORS21,2621.8647128289454
LHB99,3137.623477272728
JHT69,1575.408237311387
UOA58,763.7447673469387
XBP87,4030.213145819394
UFE10,4030.213145819394
KVS72,1575.408237311387
NXQ22,358.1114039735099
QUH78,4006.9521062500003
YSA54,2812.594932692308
NDP41,1040.1264999999994
DAD76,2621.8647128289454
UAS12,763.7447673469387
UMO34,6953.865413793104
YAO11,2812.594932692308
UMC12,3137.623477272728
ZUC11,358.1114039735099
QQZ11,3137.623477272728
VNK13,1960.734353488372
GCD72,763.7447673469387
ZVH10,2090.5961162995627
JBC11,1138.757675409836
UQI78,2621.8647128289454
MPG14,3419.1188930693074
ZNR36,2090.5961162995627
GAA13,3137.623477272728
SVQ36,3137.623477272728
GUA99,1575.408237311387
MDT12,2090.5961162995627
XJA26,1575.408237311387
DOS34,4655.65962535211
CXN95,4030.213145819394
MKO99,358.1114039735099
XNT10,2090.5961162995627
CZV11,2090.5961162995627
MEF73,1040.1264999999994
EOX12,2090.5961162995627
JJZ12,2090.5961162995627
TVS63,2621.8647128289454
TMZ13,2621.8647128289454
XQB11,2090.5961162995627
RSY89,1040.1264999999994
PYY23,653.8132689655171
ZJZ12,1040.1264999999994
RMM57,4030.213145819394
HIM13,1575.408237311387
FCJ12,402.8176184615386
HSB92,2090.5961162995627
LYL11,763.7447673469387
KEB73,1575.408237311387
DOY13,1575.408237311387
NSG12,2090.5961162995627
SLH10,1040.1264999999994
KZY10,1575.408237311387
KQB34,763.7447673469387
TMZ19,4030.213145819394
YOV13,1575.408237311387
KUD34,2621.8647128289454
LHB99,4030.213145819394
WGC12,3137.623477272728
CEI26,2090.5961162995627
IKW10,4030.213145819394
IHP10,3137.623477272728
ZVH10,2090.5961162995627
BAX62,202.04351304347824
VUP73,1575.408237311387
GMN17,358.1114039735099
EJJ98,653.8132689655171
SZL68,3137.623477272728
KQB14,2090.5961162995627
PPX45,763.7447673469387
OIX75,1575.408237311387
UBN10,358.1114039735099
OZD18,4006.9521062500003
NUW49,2621.8647128289454
DPL20,763.7447673469387
SWI46,2090.5961162995627
OVU58,1040.1264999999994
WBN96,3137.623477272728
FES30,1575.408237311387
IBE74,763.7447673469387
CQK14,1575.408237311387
SAS13,3137.623477272728
AIR10,1575.408237311387
RCT12,2621.8647128289454
EGJ70,2090.5961162995627
UJM11,4030.213145819394
LVI11,763.7447673469387
YJC10,2621.8647128289454
STK69,2621.8647128289454
RCG12,3137.623477272728
DPT13,1575.408237311387
AKE16,3137.623477272728
ZGG52,358.1114039735099
QBV12,2621.8647128289454
OIF72,402.8176184615386
DSY84,2090.5961162995627
MKK14,763.7447673469387
ZCH56,2090.5961162995627
NJZ80,4030.213145819394
YLU79,763.7447673469387
UQC15,3137.623477272728
QGH13,653.8132689655171
LFG35,763.7447673469387
GSR10,1575.408237311387
CXN95,3419.1188930693074
SAD14,2812.594932692308
HIM13,1575.408237311387
DAM28,4030.213145819394
IYQ61,402.8176184615386
WVJ47,2621.8647128289454
YQO80,2621.8647128289454
FWU13,3419.1188930693074
VLR87,6953.865413793104
KJO95,273.1090476190476
YMU12,358.1114039735099
KSO48,6953.865413793104
JVG23,559.1982134831461
UQC15,4655.65962535211
NKD77,2621.8647128289454
PNT79,763.7447673469387
IBB12,3137.623477272728
NDP41,1960.734353488372
UNO12,235.85341600000004
JLR10,3137.623477272728
FTE97,3137.623477272728
RKO79,3137.623477272728
AHD74,4006.9521062500003
TUA11,763.7447673469387
DFL12,3273.6086673684204
SRC13,4030.213145819394
CNO62,2621.8647128289454
VTP18,358.1114039735099
ENI41,2090.5961162995627
GKR83,559.1982134831461
GZY97,2621.8647128289454
YUP11,2621.8647128289454
ZGW12,1575.408237311387
ZGG52,2090.5961162995627
YBZ14,2090.5961162995627
MUE19,4030.213145819394
YJY59,3419.1188930693074
SVE76,2090.5961162995627
BGC59,2090.5961162995627
MQO56,763.7447673469387
DVZ11,2621.8647128289454
XPL78,1575.408237311387
ZEE32,4030.213145819394
NOR77,4655.65962535211
UAV72,1575.408237311387
RKO79,3137.623477272728
PNU88,3419.1188930693074
GRU16,1575.408237311387
GKD13,763.7447673469387
ALR41,1575.408237311387
BDC33,2812.594932692308
UBT47,1575.408237311387
XRU43,3419.1188930693074
PXU66,1960.734353488372
MII51,1575.408237311387
DCB19,4030.213145819394
QJS12,2621.8647128289454
XZA11,3137.623477272728
VIQ13,2090.5961162995627
OMI11,4030.213145819394
SSW11,2621.8647128289454
ZIV91,2090.5961162995627
RHS94,2090.5961162995627
YFI46,763.7447673469387
VNP14,4030.213145819394
IGQ78,1575.408237311387
ADO13,4030.213145819394
LKG52,2090.5961162995627
IKW10,653.8132689655171
KTS65,3137.623477272728
QRB67,2621.8647128289454
OZD18,2621.8647128289454
TNC52,3137.623477272728
EOA13,4030.213145819394
FCF11,2621.8647128289454
LCH20,763.7447673469387
ZSC82,3137.623477272728
MEF33,3137.623477272728
ZLP33,3137.623477272728
VQU85,1575.408237311387
DUY39,763.7447673469387
YYN48,4030.213145819394
EGU28,3137.623477272728
EWF75,3137.623477272728
ZKQ11,653.8132689655171
RQL15,1575.408237311387
KBR19,5733.110089108909
CCH19,402.8176184615386
JTW13,2812.594932692308
YEY91,2621.8647128289454
APX13,4030.213145819394
WTA87,4030.213145819394
JBP32,1575.408237311387
IMW22,4030.213145819394
GPT11,2090.5961162995627
TQS13,763.7447673469387
WEA21,784.0986583333332
CWT37,4030.213145819394
IEB77,278.7842
JXN83,3419.1188930693074
UYH58,525.546325
MUE19,4030.213145819394
TTM88,2812.594932692308
DPF60,358.1114039735099
WWX99,4030.213145819394
IZD14,763.7447673469387
DZQ18,763.7447673469387
CSM50,2090.5961162995627
ESB61,2090.5961162995627
SFC11,1040.1264999999994
CQZ29,1575.408237311387
WDW84,402.8176184615386
IUR77,4030.213145819394
ASG22,402.8176184615386
QYH11,1575.408237311387
KAY10,4030.213145819394
HQU11,3419.1188930693074
ZVR52,2090.5961162995627
BNU14,3273.6086673684204
ORS21,671.8558750000001
YOV13,1575.408237311387
HTY10,763.7447673469387
KKC12,4030.213145819394
ALQ91,763.7447673469387
CTA35,3137.623477272728
IZT30,570.8484666666667
LME51,1575.408237311387
TVD11,3137.623477272728
ZKO55,358.1114039735099
FPR69,4655.65962535211
NSF70,2090.5961162995627
YYJ78,181.35546666666667
SRC13,4030.213145819394
QAE90,1960.734353488372
URV12,2621.8647128289454
WVJ47,2621.8647128289454
IEW96,1040.1264999999994
OTC46,1575.408237311387
BCT83,278.7842
ZFZ28,4030.213145819394
OLD10,3137.623477272728
ROJ11,2090.5961162995627
MYA10,6953.865413793104
ALV12,3137.623477272728
YBM44,1575.408237311387
PNK10,2090.5961162995627
YJM13,4030.213145819394
UIR34,1575.408237311387
LLI13,3273.6086673684204
WJU16,763.7447673469387
NDP41,1040.1264999999994
JXC75,559.1982134831461
YQL23,1575.408237311387
SGZ11,2090.5961162995627
VOR91,1960.734353488372
IOG99,1138.757675409836
URV12,2621.8647128289454
NPE65,4006.9521062500003
KGC13,4030.213145819394
CWT37,4030.213145819394
HQU11,5733.110089108909
JHP96,763.7447673469387
EHR84,358.1114039735099
EWF75,3137.623477272728
HMD10,1575.408237311387
QRC79,2090.5961162995627
BNH40,3137.623477272728
JXN83,4030.213145819394
GYZ10,181.35546666666667
TEP90,1040.1264999999994
JTL20,1040.1264999999994
QYX54,4030.213145819394
OTB75,402.8176184615386
LNA17,1040.1264999999994
IOG99,763.7447673469387
IHO60,653.8132689655171
LCH20,763.7447673469387
WGW41,3137.623477272728
BWJ76,3137.623477272728
AHF89,358.1114039735099
QGV13,4030.213145819394
MOL44,2090.5961162995627
GNP12,4030.213145819394
GVZ23,1040.1264999999994
EVE11,2090.5961162995627
IBY35,3419.1188930693074
IUN21,2621.8647128289454
DVB70,2621.8647128289454
KRS13,4030.213145819394
YSQ17,4030.213145819394
LKL13,4006.9521062500003
KDE69,2621.8647128289454
VVO38,1575.408237311387
VOE12,5733.110089108909
PTX15,4655.65962535211
NXX10,2090.5961162995627
NKH42,559.1982134831461
JRE61,1040.1264999999994
PJX11,2621.8647128289454
YMG27,763.7447673469387
ZLI11,4006.9521062500003
APE89,559.1982134831461
BUX15,2812.594932692308
TGY15,3137.623477272728
KFT87,1575.408237311387
TZT48,1575.408237311387
NCG56,3137.623477272728
OFA73,1575.408237311387
KPX48,2621.8647128289454
KDE69,2090.5961162995627
AJM90,4030.213145819394
SHY10,4030.213145819394
PPX12,671.8558750000001
GQT13,525.546325
DJF15,1575.408237311387
FCY92,2621.8647128289454
RID69,2621.8647128289454
HQW98,4655.65962535211
QAK10,3137.623477272728
GDV12,1040.1264999999994
CPQ12,784.0986583333332
JNE88,4030.213145819394
SAC31,4655.65962535211
IAN13,3137.623477272728
OAW37,4655.65962535211
BUQ68,2621.8647128289454
RDQ13,1575.408237311387
AFT64,4030.213145819394
NQE11,4030.213145819394
UML60,4030.213145819394
WFU12,1040.1264999999994
PZS93,1575.408237311387
MSY10,4030.213145819394
PYC12,1575.408237311387
LZC90,2621.8647128289454
EVI82,1040.1264999999994
JJQ10,3137.623477272728
WOX94,559.1982134831461
MLD88,2090.5961162995627
MJX11,763.7447673469387
EOK39,1575.408237311387
PHH13,2090.5961162995627
JVY11,2621.8647128289454
OGC10,671.8558750000001
RZP72,3137.623477272728
CJQ14,784.0986583333332
SZL68,3137.623477272728
TZX36,1040.1264999999994
ASG22,2621.8647128289454
FUU40,2090.5961162995627
GNK67,5733.110089108909
PIV47,3273.6086673684204
YDR46,4030.213145819394
HAY13,4655.65962535211
JFM47,3137.623477272728
CYY10,2812.594932692308
LVI11,1138.757675409836
LHQ13,1960.734353488372
ADT76,3137.623477272728
EHR84,1575.408237311387
FOK66,4006.9521062500003
SIY12,1575.408237311387
UCX61,763.7447673469387
CHF67,1040.1264999999994
XRZ81,763.7447673469387
CNP10,5733.110089108909
LSZ55,1040.1264999999994
JTL20,278.7842
JDG81,525.546325
HBG12,1040.1264999999994
DOD12,202.04351304347824
WXP11,1040.1264999999994
GLS37,202.04351304347824
GOU14,3137.623477272728
ZAC12,3137.623477272728
CSM50,2090.5961162995627
XVN59,763.7447673469387
LVI11,763.7447673469387
XPC22,1040.1264999999994
ZGW12,1575.408237311387
LNA17,1040.1264999999994
ZOJ13,3137.623477272728
PZT93,763.7447673469387
IAP71,3137.623477272728
NZA81,1040.1264999999994
RMY66,1575.408237311387
KGF12,3137.623477272728
UQJ12,1575.408237311387
JXG94,2090.5961162995627
RXG14,2090.5961162995627
GLJ63,1575.408237311387
MJB10,1960.734353488372
PNK10,2090.5961162995627
TBT30,3419.1188930693074
TVS63,2621.8647128289454
NVY75,2090.5961162995627
GLS37,763.7447673469387
CQC14,3137.623477272728
WLW19,358.1114039735099
PYY23,3419.1188930693074
SLY12,2621.8647128289454
VKK10,2621.8647128289454
TTJ13,1575.408237311387
GSV13,2090.5961162995627
ZXN29,1575.408237311387
RTV34,4030.213145819394
VFE97,784.0986583333332
KXW10,3273.6086673684204
CKE54,763.7447673469387
HAY13,3137.623477272728
ZEE32,3419.1188930693074
NDL93,4030.213145819394
